{"Altitude(m)":{"0":0,"1":300,"2":600,"3":900,"4":1200,"5":1500,"6":1800,"7":2100,"8":2400,"9":2700,"10":3000,"11":3300,"12":3600,"13":3900,"14":4200,"15":4500,"16":4800,"17":5100,"18":5400,"19":5700,"20":6000,"21":6300,"22":6600,"23":6900,"24":7200,"25":7500,"26":7800,"27":8100,"28":8400,"29":8700,"30":9000,"31":9300,"32":9600,"33":9900,"34":10200,"35":10500,"36":10800,"37":11100,"38":11400,"39":11700,"40":12000,"41":12300,"42":12600,"43":12900,"44":13200,"45":13500,"46":13800,"47":14100,"48":14400,"49":14700,"50":15000,"51":15300,"52":15600,"53":15900,"54":16200,"55":16500,"56":16800,"57":17100,"58":17400,"59":17700,"60":18000,"61":18300,"62":18600,"63":18900},"Temperature(K)":{"0":288.16,"1":286.21,"2":284.26,"3":282.31,"4":280.36,"5":278.41,"6":276.46,"7":274.51,"8":272.57,"9":270.62,"10":268.67,"11":266.72,"12":264.77,"13":262.83,"14":260.88,"15":258.93,"16":256.98,"17":255.04,"18":253.09,"19":251.14,"20":249.2,"21":247.25,"22":245.3,"23":243.36,"24":241.41,"25":239.47,"26":237.52,"27":235.58,"28":233.63,"29":231.69,"30":229.74,"31":227.8,"32":225.85,"33":223.91,"34":221.97,"35":220.02,"36":218.08,"37":216.66,"38":216.66,"39":216.66,"40":216.66,"41":216.66,"42":216.66,"43":216.66,"44":216.66,"45":216.66,"46":216.66,"47":216.66,"48":216.66,"49":216.66,"50":216.66,"51":216.66,"52":216.66,"53":216.66,"54":216.66,"55":216.66,"56":216.66,"57":216.66,"58":216.66,"59":216.66,"60":216.66,"61":216.66,"62":216.66,"63":216.66},"Pressure(N\/m^2)":{"0":101325.0,"1":97773.0,"2":94322.0,"3":90971.0,"4":87718.0,"5":84560.0,"6":81494.0,"7":78520.0,"8":75634.0,"9":72835.0,"10":70121.0,"11":67489.0,"12":64939.0,"13":62467.0,"14":60072.0,"15":57752.0,"16":55506.0,"17":53331.0,"18":51226.0,"19":49188.0,"20":47217.0,"21":45311.0,"22":43468.0,"23":41686.0,"24":39963.0,"25":38299.0,"26":36692.0,"27":35140.0,"28":33642.0,"29":32196.0,"30":30800.0,"31":29455.0,"32":28157.0,"33":26906.0,"34":25701.0,"35":24540.0,"36":23422.0,"37":22346.0,"38":21317.0,"39":20335.0,"40":19399.0,"41":18506.0,"42":17654.0,"43":16842.0,"44":16067.0,"45":15327.0,"46":14622.0,"47":13950.0,"48":13308.0,"49":12696.0,"50":12112.0,"51":11555.0,"52":11023.0,"53":10516.0,"54":10033.0,"55":9571.7,"56":9131.7,"57":8711.9,"58":8311.5,"59":7929.5,"60":7565.2,"61":7217.5,"62":6885.9,"63":6569.6},"Density(kg\/m^3)":{"0":1.225,"1":1.1901,"2":1.156,"3":1.1226,"4":1.09,"5":1.0581,"6":1.0269,"7":0.99649,"8":0.96673,"9":0.93765,"10":0.90926,"11":0.88153,"12":0.85445,"13":0.82802,"14":0.80222,"15":0.77704,"16":0.75247,"17":0.72851,"18":0.70513,"19":0.68234,"20":6.6011,"21":6.3845,"22":6.1733,"23":5.9676,"24":5.7671,"25":5.5719,"26":5.3818,"27":5.1967,"28":5.0165,"29":4.8412,"30":4.6706,"31":4.5047,"32":4.3433,"33":4.1864,"34":4.0339,"35":3.8857,"36":3.7417,"37":3.5932,"38":3.4277,"39":3.2699,"40":3.1194,"41":2.9758,"42":2.8388,"43":2.7081,"44":2.5835,"45":2.4646,"46":2.3512,"47":2.243,"48":2.1399,"49":2.0414,"50":1.9475,"51":1.858,"52":1.7725,"53":1.691,"54":1.6133,"55":1.5391,"56":1.4683,"57":1.4009,"58":1.3365,"59":1.2751,"60":1.2165,"61":1.1606,"62":1.1072,"63":1.0564},"Speed of Sound(m\/s)":{"0":340.29,"1":339.14,"2":337.98,"3":336.82,"4":335.66,"5":334.49,"6":333.32,"7":332.14,"8":330.96,"9":329.77,"10":328.58,"11":327.39,"12":326.19,"13":324.99,"14":323.78,"15":322.57,"16":321.36,"17":320.14,"18":318.91,"19":317.69,"20":316.45,"21":315.21,"22":313.97,"23":312.72,"24":311.47,"25":310.21,"26":308.95,"27":307.68,"28":306.41,"29":305.13,"30":303.85,"31":302.56,"32":301.27,"33":299.97,"34":298.66,"35":297.35,"36":296.03,"37":295.07,"38":295.07,"39":295.07,"40":295.07,"41":295.07,"42":295.07,"43":295.07,"44":295.07,"45":295.07,"46":295.07,"47":295.07,"48":295.07,"49":295.07,"50":295.07,"51":295.07,"52":295.07,"53":295.07,"54":295.07,"55":295.07,"56":295.07,"57":295.07,"58":295.07,"59":295.07,"60":295.07,"61":295.07,"62":295.07,"63":295.07},"Kinematic Viscosity(m^2\/s)":{"0":0.000014607,"1":0.000014956,"2":0.000015316,"3":0.000015687,"4":0.000016069,"5":0.000016463,"6":0.000016869,"7":0.000017289,"8":0.000017721,"9":0.000018167,"10":0.000018628,"11":0.000019104,"12":0.000019595,"13":0.000020102,"14":0.000020626,"15":0.000021167,"16":0.000021727,"17":0.000022305,"18":0.000022903,"19":0.000023522,"20":0.000024161,"21":0.000024824,"22":0.000025509,"23":0.000026218,"24":0.000026953,"25":0.000027714,"26":0.000028503,"27":0.00002932,"28":0.000030167,"29":0.000031046,"30":0.000031957,"31":0.000032903,"32":0.000033884,"33":0.000034903,"34":0.000035961,"35":0.00003706,"36":0.000038202,"37":0.000039564,"38":0.000041474,"39":0.000043475,"40":0.000045574,"41":0.000047773,"42":0.000050078,"43":0.000052494,"44":0.000055026,"45":0.00005768,"46":0.000060462,"47":0.000063378,"48":0.000066434,"49":0.000069637,"50":0.000072995,"51":0.000076514,"52":0.000080202,"53":0.000084068,"54":0.000088119,"55":0.000092366,"56":0.000096816,"57":0.00010148,"58":0.00010637,"59":0.00011149,"60":0.00011686,"61":0.00012249,"62":0.00012839,"63":0.00013457}}