{"Cld_t_07": [-0.41396058, 0.98766589, -0.89591411, 0.72072819, 0.31629528], "Cld_t_098": [0.31489457, -0.26165478, -0.08271601, 0.13248927, 0.94637163], "Cld_t_084": [-7.44014254, 10.11408234, -5.05865866, 1.31736998, 0.60376918], "Cld_t_078": [-6.57936124, 8.70387513, -4.42133854, 1.31452314, 0.47042494], "Cld_t_09": [-4.14329494, 5.22107478, -2.60883147, 0.76749809, 0.75179737]}