{"K1_01": [0.011888507746894404, 1.5611044248944355, 0.005821683478021238, 1.81342892061381, -0.9247049739637537, 0.9725943999683583], "K1_02": [1.3031342670941815, 0.16242847912458203, 0.8855599843840107, -0.08945724221775199, 0.7585216968844564, -0.059124386335223274], "K1_04": [0.006249156356691067, 5.320730945367886, 0.0013515378229472428, 0.8899486489969634, 0.6275424485379149, 0.9828504663433438], "K1_06": [-187.76114396563466, -290.18142990992874, 3.8429762534987417, 2.4791506797989658, 16.702016429820777, 0.8427592723308773], "K1_07": [55.145405798083026, 68.5134149431511, 378.9483693658721, 131.95059480464863, -241.87871341874964, 0.8432261325608006], "K1_08": [1.386825583915899, 4.914383310766874, 1.6986551221860975, 1.7991618334176516, 1.899349056200815, 0.9159200529327468], "K1_09": [0.4499060868722573, 0.031959913406766176, 2.331413923458465, 0.5465037936517184, 0.6078786494289624, 0.34631570365359404]}